timestamp,location,camera_id,person_description,action,duration_minutes,vehicle_description
2024-03-12T09:12:00,Lajpat Nagar Part II Camera 3,CAM_LN3,Male,Subject observed walking towards Rose Apartments,5,
2024-03-12T09:17:00,Lajpat Nagar Part II Camera 3,CAM_LN3,Male,Subject standing near building entrance,3,
2024-03-13T08:42:00,Lajpat Nagar Part II Camera 1,CAM_LN1,Male,Subject observed near gate,2,
2024-03-13T08:48:00,Lajpat Nagar Part II Camera 3,CAM_LN3,Male,Subject entering building,4,
2024-03-14T07:25:00,Karol Bagh Main Market Camera 7,CAM_KB7,Male (blue shirt),Subject walking near RK Telecom shop,3,
2024-03-14T09:00:00,Lajpat Nagar Part II Camera 3,CAM_LN3,Male,Subject observed near building,8,
2024-03-14T11:10:00,Lajpat Nagar Part II Camera 1,CAM_LN1,Male,Subject talking to another person outside building,5,
2024-03-14T16:30:00,Dwarka Sector 12 Main Gate Camera,DW_S12_1,Male,Subject on motorcycle near gate,2,BLACK HERO HONDA
2024-03-15T08:15:00,Lajpat Nagar Part II Camera 3,CAM_LN3,Male,Subject observed near building,3,
2024-03-16T09:40:00,Karol Bagh Main Market Camera 5,CAM_KB5,Male (white shirt),Subject walking near shops,4,
2024-03-16T16:25:00,Noida Sector 62 Gate Camera,NO_S62_1,Male,Subject entering office complex,6,
